Participant 1,"O1,O4,O7,O10,O12,O13,O14,O15,O17,O18,O20,O22,O24,O25,O26,O28,O30,O33,O34,O37,O40,O42,O43,O44"
Participant 2,"O1,O4,O8,O9,O46,O13,O47,O15,O48,O18,O20,O22,O49,O50,O26,O29,O30,O51,O33,O34,O53,O38,O54,O56"
Participant 3,"O2,O4,O7,O10,O15,O18,O20,O22,O26,O28,O30,O33,O34,O36,O38,O55,O44,O45"
Participant 4,"O2,O5,O8,O9,O57,O16,O17,O18,O20,O22,O58,O59,O26,O28,O30,O33,O34,O53,O38,O54,O56"
Participant 5,"O2,O4,O7,O9,O47,O15,O18,O20,O22,O49,O58,O50,O26,O28,O30,O33,O34,O36,O38,O55"
Participant 6,"O1,O4,O7,O11,O12,O15,O18,O20,O22,O13,O25,O26,O28,O30,O31,O32,O34,O52,O40,O55,O60,O61"
Participant 7,"O1,O4,O7,O10,O15,O18,O20,O22,O26,O28,O30,O33,O34,O52,O38,O55,O43,O45"
Participant 8,"O2,O5,O8,O9,O16,O18,O20,O22,O26,O28,O31,O32,O34,O53,O40,O55,O62"
Participant 9,"O1,O4,O7,O9,O63,O16,O64,O18,O20,O22,O13,O26,O28,O31,O32,O34,O36,O38,O55,O43"
Participant 10,"O1,O4,O7,O9,O65,O47,O15,O43,O18,O20,O22,O50,O66,O26,O28,O30,O33,O34,O53,O40,O55,O62,O45"
Participant 11,"O1,O5,O8,O9,O15,O18,O20,O22,O26,O28,O30,O33,O34,O52,O38,O54,O67"
Participant 12,"O1,O5,O8,O9,O15,O19,O20,O22,O26,O28,O30,O32,O34,O36,O38,O55,O62,O68,O45"
Participant 13,"O1,O4,O7,O9,O16,O20,O22,O26,O28,O30,O33,O34,O37,O39,O55,O43,O56"
Participant 14,"O1,O4,O7,O9,O15,O18,O20,O22,O26,O28,O30,O33,O34,O52,O39,O55,O44,O45"
Participant 15,"O2,O5,O8,O10,O15,O18,O20,O22,O26,O28,O30,O32,O34,O53,O38,O55,O59"
Participant 16,"O1,O4,O7,O9,O46,O16,O69,O19,O20,O22,O26,O29,O30,O33,O34,O36,O38,O55,O65"
Participant 17,"O2,O5,O7,O10,O16,O18,O20,O22,O70,O26,O28,O31,O71,O33,O34,O36,O40,O55,O72"
Participant 18,"O2,O4,O7,O9,O15,O19,O20,O22,O26,O28,O30,O73,O74,O37,O39,O55,O43,O67"
Participant 19,"O2,O5,O8,O9,O65,O15,O18,O20,O22,O26,O28,O30,O33,O34,O53,O40,O55,O44,O45"
Participant 20,"O2,O4,O7,O11,O16,O20,O22,O26,O29,O31,O33,O34,O37,O39,O55,O44,O45"
Participant 21,"O1,O4,O7,O11,O65,O15,O18,O20,O22,O26,O28,O31,O33,O34,O53,O38,O55,O75,O43"
Participant 22,"O1,O5,O8,O10,O16,O19,O20,O23,O27,O29,O31,O33,O34,O52,O39,O55,O44,O45"
Participant 23,"O2,O5,O8,O9,O47,O15,O18,O20,O22,O76,O26,O28,O30,O33,O34,O53,O38,O55,O44,O45"
Participant 24,"O1,O5,O8,O9,O15,O18,O20,O22,O76,O26,O28,O30,O32,O34,O53,O38,O54,O44"
